{
    "best-model": "baseline",
    "India-5": {
        "2022-1-20": 0.011111111111111112,
        "2022-1-28": 0.16527777777777777
    }
}