{
    "India-1": {
        "2022-7-8": 0.6381944444444444,
        "2022-7-9": 0.43611111111111117,
        "2022-7-10": 0.0,
        "2022-7-11": 0.041666666666666664,
        "2022-7-12": 0.17083333333333334,
        "2022-7-13": 0.11597222222222223,
        "2022-7-14": 0.007638888888888889,
        "2022-7-15": 0.7659722222222224,
        "2022-7-16": 0.346875
    },
    "India-2": {
        "2022-7-8": 0.2875,
        "2022-7-9": 0.3173611111111111,
        "2022-7-10": 0.2513888888888889,
        "2022-7-11": 0.23402777777777778,
        "2022-7-12": 0.4013888888888889,
        "2022-7-13": 0.33194444444444443,
        "2022-7-14": 0.8347222222222221,
        "2022-7-15": 0.3368055555555556,
        "2022-7-16": 0.26666666666666666
    },
    "India-3": {
        "2022-7-8": 0.04027777777777778,
        "2022-7-9": 0.18611111111111112,
        "2022-7-10": 0.10208333333333333,
        "2022-7-11": 0.013194444444444444,
        "2022-7-12": 0.26319444444444445,
        "2022-7-13": 0.03194444444444444,
        "2022-7-14": 0.10625,
        "2022-7-15": 0.7013888888888888,
        "2022-7-16": 0.0
    },
    "India-4": {
        "2022-7-8": 0.006250000000000001,
        "2022-7-9": 0.3972222222222222,
        "2022-7-10": 0.025000000000000005,
        "2022-7-11": 0.5694444444444444,
        "2022-7-12": 0.13472222222222222,
        "2022-7-13": 0.002777777777777778,
        "2022-7-14": 0.058333333333333334,
        "2022-7-15": 0.02847222222222222,
        "2022-7-16": 0.071875
    },
    "India-5": {
        "2022-7-23": 0.011111111111111112,
        "2022-7-24": 0.16527777777777777,
        "2022-7-25": 0.20347222222222222,
        "2022-7-26": 0.08541666666666667,
        "2022-7-27": 0.0,
        "2022-7-28": 0.3236111111111111,
        "2022-7-29": 0.17708333333333334,
        "2022-7-30": 0.1673611111111111,
        "2022-7-31": 0.3333333333333333,
        "2022-8-1": 0.3701388888888889,
        "2022-8-2": 0.096875
    },
    "India-6": {
        "2022-7-8": 0.06388888888888888,
        "2022-7-9": 0.4000000000000001,
        "2022-7-10": 0.3888888888888889,
        "2022-7-11": 0.34305555555555556,
        "2022-7-12": 0.9993055555555556,
        "2022-7-13": 0.0007331378299120235
    },
    "USA-1": {
        "2022-7-8": 0.049305555555555554,
        "2022-7-9": 0.034722222222222224,
        "2022-7-10": 0.030555555555555555,
        "2022-7-11": 0.09791666666666667,
        "2022-7-12": 0.05486111111111112,
        "2022-7-13": 0.10347222222222222,
        "2022-7-14": 0.5458333333333333,
        "2022-7-15": 0.11764705882352941
    },
    "USA-2": {
        "2022-7-8": 0.2125,
        "2022-7-9": 0.3729166666666666,
        "2022-7-10": 0.09027777777777778,
        "2022-7-11": 0.10416666666666667,
        "2022-7-12": 0.027083333333333334,
        "2022-7-13": 0.1965277777777778,
        "2022-7-14": 0.0909722222222222,
        "2022-7-15": 0.24033613445378152
    }
}